city,date,conditions
"Buffalo, NY",2018-12-17,Overcast
"Los Angeles, CA",2018-05-15,Clear
"Albuquerque, NM",2019-09-08,Partially cloudy
"Minneapolis, MN",2019-07-07,Partially cloudy
"Los Angeles, CA",2019-03-14,Clear
"Chicago, IL",2019-02-14,Partially cloudy
"Las Vegas, NV",2018-11-10,Clear
"Raleigh/Durham, NC",2018-03-01,"Rain, Overcast"
"Houston, TX",2018-08-30,Partially cloudy
"Rochester, NY",2019-04-24,Partially cloudy
"Philadelphia, PA",2018-08-10,Partially cloudy
"Buffalo, NY",2019-09-26,"Rain, Partially cloudy"
"Denver, CO",2018-03-23,Partially cloudy
"Reno, NV",2018-02-20,"Snow, Partially cloudy"
"Bozeman, MT",2018-12-28,"Snow, Overcast"
"Phoenix, AZ",2018-01-11,Clear
"Burlington, VT",2019-10-01,"Rain, Overcast"
"Jackson/Vicksburg, MS",2018-04-07,"Rain, Overcast"
"Minneapolis, MN",2019-12-05,Partially cloudy
"Las Vegas, NV",2018-11-07,Clear
"Charlotte, NC",2019-06-18,"Rain, Partially cloudy"
"Salt Lake City, UT",2018-07-18,Partially cloudy
"Cleveland, OH",2018-02-24,"Rain, Overcast"
"Seattle, WA",2018-10-08,"Rain, Overcast"
"Los Angeles, CA",2019-11-05,Clear
"Los Angeles, CA",2019-05-26,"Rain, Overcast"
"Dallas, TX",2019-10-25,"Rain, Overcast"
"San Francisco, CA",2018-05-21,Partially cloudy
"Dallas/Fort Worth, TX",2018-05-18,"Rain, Partially cloudy"
"Pittsburgh, PA",2019-03-07,Partially cloudy
"Houston, TX",2019-12-16,"Rain, Partially cloudy"
"Des Moines, IA",2018-07-08,Clear
"Chicago, IL",2019-05-25,Partially cloudy
"Birmingham, AL",2019-04-21,Clear
"Las Vegas, NV",2018-06-30,Clear
"New York, NY",2018-07-24,"Rain, Overcast"
"Boston, MA",2019-11-11,Overcast
"Newark, NJ",2018-11-13,"Rain, Overcast"
"Ontario, CA",2018-09-25,Partially cloudy
"Kahului, HI",2018-06-17,Partially cloudy
"Grand Rapids, MI",2019-11-12,"Snow, Overcast"
"Ontario, CA",2019-12-20,Partially cloudy
"Seattle, WA",2019-04-17,Overcast
"Bend/Redmond, OR",2018-11-08,Clear
"St. Louis, MO",2018-12-18,Clear
"Denver, CO",2019-06-22,"Rain, Partially cloudy"
"Raleigh/Durham, NC",2019-10-07,Partially cloudy
"San Diego, CA",2018-01-02,Partially cloudy
"Cincinnati, OH",2019-02-06,"Rain, Partially cloudy"
"Portland, OR",2018-01-22,"Rain, Overcast"
"Boise, ID",2019-04-12,Partially cloudy
"Chicago, IL",2018-03-20,Overcast
"Spokane, WA",2019-10-22,"Rain, Partially cloudy"
"San Diego, CA",2019-01-01,Clear
"Sarasota/Bradenton, FL",2019-12-26,Partially cloudy
"Jacksonville, FL",2018-04-04,Partially cloudy
"Salt Lake City, UT",2018-02-03,Overcast
"Sanford, FL",2018-07-08,"Rain, Partially cloudy"
"Spokane, WA",2018-09-26,Clear
"Fort Wayne, IN",2019-03-07,Partially cloudy
"Orlando, FL",2018-12-23,Clear
"Austin, TX",2019-03-03,Overcast
"Rochester, NY",2018-08-19,Overcast
"Washington, DC",2018-08-27,Partially cloudy
"Charlotte, NC",2018-04-30,Clear
"Dallas, TX",2019-08-06,Partially cloudy
"Minneapolis, MN",2019-05-06,Partially cloudy
"Portland, OR",2019-07-20,Clear
"Casper, WY",2018-05-09,Clear
"Salt Lake City, UT",2018-05-07,Partially cloudy
"Washington, DC",2018-09-03,Partially cloudy
"Nashville, TN",2019-09-14,Partially cloudy
"Houston, TX",2018-06-27,"Rain, Partially cloudy"
"Dallas/Fort Worth, TX",2018-03-15,Partially cloudy
"San Juan, PR",2018-08-17,"Rain, Partially cloudy"
"Hartford, CT",2019-05-10,"Rain, Overcast"
"Las Vegas, NV",2019-12-14,"Rain, Partially cloudy"
"Dallas/Fort Worth, TX",2018-01-07,"Rain, Overcast"
"Houston, TX",2018-05-30,Partially cloudy
"Detroit, MI",2019-01-20,"Snow, Partially cloudy"
"Las Vegas, NV",2019-07-13,Clear
"Chicago, IL",2018-09-10,Partially cloudy
"Seattle, WA",2018-08-09,Clear
"Phoenix, AZ",2018-01-02,Overcast
"Dallas, TX",2018-08-07,Partially cloudy
"Appleton, WI",2018-03-20,Partially cloudy
"Cleveland, OH",2018-07-06,"Rain, Partially cloudy"
"Phoenix, AZ",2019-01-30,Partially cloudy
"Salt Lake City, UT",2018-11-02,"Rain, Overcast"
"Denver, CO",2018-08-22,"Rain, Overcast"
"Seattle, WA",2018-06-13,"Rain, Overcast"
"Phoenix, AZ",2019-07-03,Clear
"New Orleans, LA",2018-08-27,"Rain, Partially cloudy"
"Burbank, CA",2019-10-09,Partially cloudy
"Petersburg, AK",2018-08-13,"Rain, Overcast"
"Washington, DC",2019-09-14,Overcast
"Atlanta, GA",2019-11-01,Clear
"Grand Junction, CO",2018-05-11,Clear
"Chattanooga, TN",2019-11-17,Partially cloudy
"Chicago, IL",2018-04-02,Partially cloudy
"Charlotte, NC",2018-03-18,Partially cloudy
"Portland, OR",2018-04-18,Partially cloudy
"Madison, WI",2019-11-08,Partially cloudy
"New York, NY",2019-04-26,"Rain, Partially cloudy"
"Springfield, MO",2019-01-24,Partially cloudy
"New York, NY",2018-01-18,Snow
"Providence, RI",2019-06-10,"Rain, Partially cloudy"
"San Francisco, CA",2018-11-05,Clear
"Denver, CO",2018-11-21,Clear
"St. Petersburg, FL",2018-01-02,Overcast
"Detroit, MI",2018-05-18,Clear
"Atlanta, GA",2018-09-03,Partially cloudy
"Oklahoma City, OK",2019-09-01,Partially cloudy
"Atlanta, GA",2019-04-24,Clear
"San Francisco, CA",2019-09-14,Clear
"Boston, MA",2018-08-25,Partially cloudy
"St. Louis, MO",2018-12-07,Overcast
"Los Angeles, CA",2018-03-15,Rain
"San Angelo, TX",2019-12-29,Clear
"Scranton/Wilkes-Barre, PA",2019-09-25,Clear
"Albuquerque, NM",2018-02-09,Partially cloudy
"Austin, TX",2018-12-24,Partially cloudy
"Chicago, IL",2018-11-16,Overcast
"Dallas/Fort Worth, TX",2019-08-16,Clear
"New York, NY",2018-01-16,"Snow, Partially cloudy"
"Los Angeles, CA",2019-09-17,Clear
"Orlando, FL",2019-03-11,Clear
"Milwaukee, WI",2019-01-27,"Snow, Partially cloudy"
"Chicago, IL",2019-11-15,Partially cloudy
"Chattanooga, TN",2019-08-03,"Rain, Partially cloudy"
"Dallas/Fort Worth, TX",2019-04-10,Partially cloudy
"Memphis, TN",2019-06-12,Partially cloudy
"Columbia, SC",2019-03-17,Clear
"Atlanta, GA",2019-08-14,"Rain, Partially cloudy"
"Denver, CO",2018-07-20,Partially cloudy
"Oakland, CA",2018-08-26,Partially cloudy
"Denver, CO",2018-10-29,Overcast
"Washington, DC",2019-10-04,Partially cloudy
"Philadelphia, PA",2018-09-17,"Rain, Overcast"
"Atlanta, GA",2018-01-09,Partially cloudy
"Denver, CO",2019-04-02,Partially cloudy
"Shreveport, LA",2019-06-18,Clear
"Atlanta, GA",2019-08-20,Partially cloudy
"Dallas, TX",2019-06-06,"Rain, Partially cloudy"
"Ontario, CA",2018-03-26,Partially cloudy
"New York, NY",2019-02-06,Rain
"Grand Junction, CO",2019-08-23,Clear
"Atlanta, GA",2019-06-18,"Rain, Partially cloudy"
"Nashville, TN",2019-03-23,Partially cloudy
"Washington, DC",2018-12-31,"Rain, Overcast"
"Charlotte, NC",2019-05-06,Partially cloudy
"Chattanooga, TN",2019-06-15,Partially cloudy
"Cincinnati, OH",2019-02-02,Partially cloudy
"Philadelphia, PA",2019-07-12,Partially cloudy
"Dallas, TX",2018-01-14,Clear
"Chicago, IL",2019-01-05,Partially cloudy
"Chicago, IL",2018-06-21,"Rain, Overcast"
"Louisville, KY",2019-06-30,"Rain, Partially cloudy"
"Chicago, IL",2019-09-18,Partially cloudy
"San Diego, CA",2019-04-05,"Rain, Partially cloudy"
"Orlando, FL",2018-03-28,Clear
"San Francisco, CA",2018-02-28,"Rain, Overcast"
"Columbus, OH",2019-09-22,Partially cloudy
"Nashville, TN",2018-03-24,"Rain, Overcast"
"Charlotte, NC",2018-05-11,Partially cloudy
"Fort Myers, FL",2019-12-11,"Rain, Partially cloudy"
"San Diego, CA",2019-03-08,"Rain, Partially cloudy"
"Denver, CO",2019-03-11,Partially cloudy
"Philadelphia, PA",2019-05-24,"Rain, Partially cloudy"
"Spokane, WA",2019-06-22,Partially cloudy
"Greer, SC",2019-09-07,Clear
"Columbus, MS",2019-07-29,Clear
"Fort Myers, FL",2018-02-03,Partially cloudy
"San Francisco, CA",2019-11-04,Clear
"Houston, TX",2019-10-19,Clear
"Fort Lauderdale, FL",2018-08-17,Partially cloudy
"Newark, NJ",2019-04-19,Partially cloudy
"Houston, TX",2019-07-07,Rain
"Las Vegas, NV",2018-08-20,Clear
"Minot, ND",2019-07-17,"Rain, Partially cloudy"
"Washington, DC",2018-05-01,Clear
"Minneapolis, MN",2018-06-07,Partially cloudy
"Gulfport/Biloxi, MS",2019-05-08,Partially cloudy
"Nashville, TN",2018-11-24,"Rain, Partially cloudy"
"Chicago, IL",2018-09-18,"Rain, Partially cloudy"
"Charlotte, NC",2019-10-17,Clear
"Alexandria, LA",2018-04-19,Clear
"Denver, CO",2019-10-26,Partially cloudy
"Charlotte, NC",2018-03-06,"Rain, Overcast"
"Atlanta, GA",2018-02-16,"Rain, Overcast"
"Milwaukee, WI",2018-03-03,Partially cloudy
"Jacksonville, FL",2019-12-01,Partially cloudy
"Fargo, ND",2018-12-21,"Snow, Overcast"
"Pittsburgh, PA",2018-07-24,Partially cloudy
"Washington, DC",2018-10-27,"Rain, Overcast"
"Atlanta, GA",2018-08-19,"Rain, Overcast"
"Baton Rouge, LA",2019-07-26,Clear
"Kansas City, MO",2018-05-03,Partially cloudy
"Chicago, IL",2019-12-12,Overcast
"Dallas, TX",2018-06-26,Partially cloudy
"Atlanta, GA",2018-04-07,"Rain, Overcast"
"Missoula, MT",2019-06-18,Partially cloudy
"Grand Rapids, MI",2018-07-21,"Rain, Overcast"
"Boise, ID",2018-11-05,Partially cloudy
"Eugene, OR",2018-04-26,Partially cloudy
"Los Angeles, CA",2018-11-15,Clear
"San Francisco, CA",2018-11-01,Partially cloudy
"Houston, TX",2019-01-27,"Rain, Partially cloudy"
"New York, NY",2019-05-30,"Rain, Partially cloudy"
"Phoenix, AZ",2019-03-08,Partially cloudy
"Houston, TX",2019-12-19,Partially cloudy
"Detroit, MI",2019-08-22,"Rain, Partially cloudy"
"Seattle, WA",2018-11-04,Overcast
"Little Rock, AR",2018-08-02,Clear
"Honolulu, HI",2018-09-08,Partially cloudy
"Charleston, SC",2018-05-12,Clear
"Pittsburgh, PA",2019-05-18,"Rain, Partially cloudy"
"Aspen, CO",2018-12-30,Partially cloudy
"Columbia, MO",2019-03-09,"Rain, Overcast"
"Miami, FL",2018-04-30,Partially cloudy
"San Diego, CA",2018-04-25,Overcast
"Tulsa, OK",2019-10-01,Clear
"Atlanta, GA",2018-05-01,Clear
"Philadelphia, PA",2019-04-05,"Rain, Overcast"
"New York, NY",2019-04-14,Partially cloudy
"Columbia, SC",2019-08-16,"Rain, Partially cloudy"
"Detroit, MI",2018-06-11,Partially cloudy
"Seattle, WA",2018-08-22,Partially cloudy
"Tallahassee, FL",2019-03-27,"Rain, Partially cloudy"
"Greer, SC",2018-05-01,Clear
"Denver, CO",2019-03-12,Partially cloudy
"Baltimore, MD",2018-11-30,Overcast
"Dallas/Fort Worth, TX",2019-06-19,"Rain, Partially cloudy"
"College Station/Bryan, TX",2019-10-04,Clear
"New York, NY",2018-08-05,Clear
"Boston, MA",2019-04-06,"Rain, Partially cloudy"
"Salt Lake City, UT",2018-01-17,Partially cloudy
"Santa Ana, CA",2018-06-19,Partially cloudy
"Pellston, MI",2018-04-05,Partially cloudy
"Atlanta, GA",2018-12-26,Partially cloudy
"San Francisco, CA",2018-09-20,Clear
"Washington, DC",2018-03-03,"Rain, Partially cloudy"
"Las Vegas, NV",2018-01-06,Partially cloudy
"Baltimore, MD",2019-06-17,"Rain, Partially cloudy"
"Grand Rapids, MI",2019-06-20,"Rain, Overcast"
"Charlotte, NC",2018-05-17,"Rain, Overcast"
"Boston, MA",2018-06-05,"Rain, Overcast"
"White Plains, NY",2018-10-15,"Rain, Overcast"
"New York, NY",2019-02-15,"Rain, Partially cloudy"
"Miami, FL",2018-12-26,"Rain, Partially cloudy"
"Dallas/Fort Worth, TX",2018-03-11,Partially cloudy
"Reno, NV",2018-08-28,Clear
"Dayton, OH",2018-01-07,"Snow, Partially cloudy"
"Los Angeles, CA",2019-07-03,Partially cloudy
"Des Moines, IA",2019-06-16,Partially cloudy
"Los Angeles, CA",2019-09-27,Overcast
"Dallas, TX",2018-12-22,Partially cloudy
"Wichita, KS",2019-02-12,Partially cloudy
"Las Vegas, NV",2018-07-14,"Rain, Partially cloudy"
"Atlanta, GA",2019-12-30,"Rain, Partially cloudy"
"Philadelphia, PA",2018-03-01,"Rain, Overcast"
"Denver, CO",2018-12-07,Partially cloudy
"Chicago, IL",2019-10-02,"Rain, Overcast"
"Philadelphia, PA",2018-02-15,"Rain, Overcast"
"Denver, CO",2018-06-08,Partially cloudy
"New York, NY",2018-07-13,Clear
"Denver, CO",2019-09-10,Partially cloudy
"Cincinnati, OH",2018-11-23,Clear
"St. Louis, MO",2019-01-31,Partially cloudy
"Tampa, FL",2019-04-22,Clear
"Pittsburgh, PA",2018-01-18,Clear
"Minneapolis, MN",2019-12-13,"Snow, Partially cloudy"
"Las Vegas, NV",2019-10-16,Clear
"Richmond, VA",2019-07-28,Partially cloudy
"Baltimore, MD",2019-09-28,Partially cloudy
"Dallas/Fort Worth, TX",2018-08-18,"Rain, Partially cloudy"
"Nashville, TN",2018-02-20,Partially cloudy
"Chicago, IL",2018-08-01,"Rain, Partially cloudy"
"Columbus, OH",2019-06-12,"Rain, Partially cloudy"
"Cincinnati, OH",2018-02-22,"Rain, Overcast"
"Dallas/Fort Worth, TX",2018-08-06,Partially cloudy
"Houston, TX",2019-12-17,Partially cloudy
"New York, NY",2018-10-03,Rain
"Little Rock, AR",2018-10-24,Overcast
"Washington, DC",2019-03-26,Partially cloudy
"Houston, TX",2019-01-31,"Rain, Overcast"
"Denver, CO",2019-07-07,"Rain, Partially cloudy"
"Kansas City, MO",2019-06-09,Partially cloudy
"Kansas City, MO",2019-03-11,Clear
"Dallas/Fort Worth, TX",2019-04-25,Partially cloudy
"Dayton, OH",2018-06-05,"Rain, Partially cloudy"
"Las Vegas, NV",2018-12-16,Clear
"Springfield, MO",2019-06-10,Clear
"Miami, FL",2018-07-10,"Rain, Partially cloudy"
"Atlanta, GA",2018-05-11,Clear
"Chicago, IL",2019-10-01,Partially cloudy
"Bend/Redmond, OR",2018-04-29,Partially cloudy
"New York, NY",2018-02-09,Clear
"Cedar City, UT",2019-07-20,Clear
"Washington, DC",2018-09-02,Partially cloudy
"New York, NY",2019-09-22,Clear
"Houston, TX",2018-12-03,Clear
"Oakland, CA",2019-02-24,Partially cloudy
"Tulsa, OK",2019-06-06,"Rain, Partially cloudy"
"Phoenix, AZ",2018-03-31,Overcast
"Newark, NJ",2019-07-17,"Rain, Partially cloudy"
"Portland, OR",2019-10-04,"Rain, Overcast"
"Chicago, IL",2019-08-06,"Rain, Partially cloudy"
"Jackson/Vicksburg, MS",2018-02-26,"Rain, Partially cloudy"
"Des Moines, IA",2019-08-22,Partially cloudy
"Omaha, NE",2019-11-29,"Rain, Overcast"
"Dallas/Fort Worth, TX",2018-06-06,"Rain, Partially cloudy"
"Kansas City, MO",2019-02-24,Clear
"West Palm Beach/Palm Beach, FL",2019-03-28,"Rain, Partially cloudy"
"Santa Barbara, CA",2018-05-09,Clear
"Fort Lauderdale, FL",2019-07-24,"Rain, Partially cloudy"
"Chicago, IL",2018-06-29,Partially cloudy
"Chicago, IL",2019-02-19,Partially cloudy
"St. Louis, MO",2018-05-17,Clear
"San Francisco, CA",2018-02-20,Partially cloudy
"Portland, ME",2019-07-22,"Rain, Partially cloudy"
"San Francisco, CA",2018-09-02,Partially cloudy
"Phoenix, AZ",2019-12-09,"Rain, Partially cloudy"
"Charleston, SC",2018-07-01,"Rain, Partially cloudy"
"Los Angeles, CA",2018-08-06,Clear
"Atlanta, GA",2019-07-29,"Rain, Partially cloudy"
"Charlotte, NC",2018-05-20,"Rain, Overcast"
"Chicago, IL",2019-06-17,Overcast
"St. Louis, MO",2018-01-26,Partially cloudy
"Denver, CO",2018-06-10,Partially cloudy
"Alexandria, LA",2019-04-25,"Rain, Partially cloudy"
"Houston, TX",2018-02-08,Overcast
"Minneapolis, MN",2018-08-11,Partially cloudy
"Chicago, IL",2019-07-05,"Rain, Partially cloudy"
"Kona, HI",2019-09-29,"Rain, Partially cloudy"
"Columbia, SC",2019-01-10,Clear
"Salt Lake City, UT",2019-08-11,Partially cloudy
"Austin, TX",2019-10-22,Clear
"Houston, TX",2019-12-22,Clear
"Atlanta, GA",2018-12-03,Partially cloudy
"Fort Lauderdale, FL",2018-07-12,"Rain, Partially cloudy"
"Honolulu, HI",2018-12-29,"Rain, Partially cloudy"
"Charlotte, NC",2019-01-17,"Rain, Partially cloudy"
"Alexandria, LA",2018-08-09,Rain
"Newark, NJ",2018-08-10,Partially cloudy
"Redding, CA",2019-11-27,"Rain, Partially cloudy"
"Boston, MA",2019-09-26,"Rain, Partially cloudy"
"Kona, HI",2018-10-15,"Rain, Partially cloudy"
"St. Louis, MO",2019-03-13,"Rain, Partially cloudy"
"Las Vegas, NV",2018-05-15,Clear
"Dallas/Fort Worth, TX",2018-07-17,Clear
"Honolulu, HI",2018-02-15,"Rain, Partially cloudy"
"Spokane, WA",2019-06-18,Partially cloudy
"Atlanta, GA",2018-04-24,"Rain, Overcast"
"Saginaw/Bay City/Midland, MI",2019-02-12,"Snow, Overcast"
"Jacksonville, FL",2018-03-02,Partially cloudy
"Rochester, MN",2019-06-25,Clear
"St. Louis, MO",2019-02-14,Clear
"Chicago, IL",2019-03-19,Partially cloudy
"Chicago, IL",2019-09-28,"Rain, Overcast"
"Phoenix, AZ",2019-11-07,Partially cloudy
"Denver, CO",2018-07-15,"Rain, Overcast"
"Washington, DC",2018-09-28,"Rain, Overcast"
"Salt Lake City, UT",2019-07-20,Partially cloudy
"Denver, CO",2019-05-06,"Rain, Partially cloudy"
"San Francisco, CA",2018-10-26,Partially cloudy
"Chicago, IL",2019-05-26,"Rain, Partially cloudy"
"Dallas/Fort Worth, TX",2019-09-13,Partially cloudy
"Grand Rapids, MI",2018-06-02,Overcast
"Charleston/Dunbar, WV",2018-02-04,"Rain, Overcast"
"New York, NY",2018-08-15,Rain
"Burlington, VT",2019-02-21,"Rain, Overcast"
"New York, NY",2018-10-18,Rain
"Austin, TX",2018-05-27,Clear
"Oakland, CA",2019-09-10,Partially cloudy
"San Francisco, CA",2018-09-28,Partially cloudy
"Seattle, WA",2019-01-19,"Rain, Partially cloudy"
"Newark, NJ",2018-02-11,"Rain, Overcast"
"Amarillo, TX",2019-04-02,Clear
"Chicago, IL",2018-04-01,Partially cloudy
"Seattle, WA",2018-06-08,"Rain, Overcast"
"Orlando, FL",2018-11-03,Partially cloudy
"Seattle, WA",2019-09-10,Partially cloudy
"Charlotte, NC",2018-04-02,Partially cloudy
"Baltimore, MD",2019-09-17,Partially cloudy
"Las Vegas, NV",2019-01-20,Partially cloudy
"Houston, TX",2019-11-27,"Rain, Partially cloudy"
"Chicago, IL",2019-11-09,Partially cloudy
"Pasco/Kennewick/Richland, WA",2018-04-18,Clear
"Oakland, CA",2018-07-24,Partially cloudy
"San Francisco, CA",2018-11-07,Clear
"Seattle, WA",2018-10-30,"Rain, Overcast"
"Austin, TX",2018-04-26,Partially cloudy
"Richmond, VA",2019-08-18,Partially cloudy
"Valparaiso, FL",2019-08-02,"Rain, Partially cloudy"
"Houston, TX",2018-01-13,Clear
"Philadelphia, PA",2019-05-12,"Rain, Overcast"
"Portland, OR",2019-09-08,"Rain, Overcast"
"Atlanta, GA",2019-02-14,Partially cloudy
"New York, NY",2019-07-06,"Rain, Partially cloudy"
"Salt Lake City, UT",2019-07-22,Partially cloudy
"Nashville, TN",2018-02-23,Partially cloudy
"Atlanta, GA",2018-01-25,Clear
"Washington, DC",2019-07-11,"Rain, Partially cloudy"
"Atlanta, GA",2019-05-16,Partially cloudy
"Denver, CO",2019-09-08,"Rain, Partially cloudy"
"Denver, CO",2019-08-23,"Rain, Partially cloudy"
"Orlando, FL",2019-12-22,"Rain, Overcast"
"Las Vegas, NV",2019-02-11,Clear
"Providence, RI",2019-07-20,Partially cloudy
"Philadelphia, PA",2019-11-01,Rain
"Washington, DC",2019-12-28,Partially cloudy
"New Orleans, LA",2018-09-04,"Rain, Overcast"
"Atlanta, GA",2019-11-27,"Rain, Partially cloudy"
"Chicago, IL",2018-06-26,"Rain, Overcast"
"St. Louis, MO",2019-09-24,Clear
"Indianapolis, IN",2019-07-28,Partially cloudy
"Oakland, CA",2019-11-04,Clear
"Denver, CO",2018-04-14,Partially cloudy
"Bismarck/Mandan, ND",2019-10-13,"Snow, Partially cloudy"
"Des Moines, IA",2019-01-10,"Snow, Partially cloudy"
"Minneapolis, MN",2019-07-15,"Rain, Partially cloudy"
"Atlanta, GA",2019-03-15,"Rain, Partially cloudy"
"Austin, TX",2019-04-15,Clear
"Columbia, MO",2018-03-15,Clear
"Las Vegas, NV",2019-06-24,Clear
"Miami, FL",2019-11-27,Partially cloudy
"Raleigh/Durham, NC",2019-03-01,"Rain, Overcast"
"Detroit, MI",2018-03-01,"Snow, Overcast"
"Chicago, IL",2018-04-20,Partially cloudy
"Detroit, MI",2019-06-04,Partially cloudy
"Kona, HI",2019-01-28,Rain
"Oakland, CA",2019-05-19,"Rain, Partially cloudy"
"Sacramento, CA",2018-12-10,Partially cloudy
"Fort Myers, FL",2018-03-22,Clear
"Chattanooga, TN",2019-09-15,Partially cloudy
"San Antonio, TX",2018-11-29,Partially cloudy
"Gunnison, CO",2019-01-11,"Snow, Overcast"
"Dallas/Fort Worth, TX",2019-01-06,Partially cloudy
"Raleigh/Durham, NC",2018-10-26,"Rain, Overcast"
"Rochester, NY",2019-09-18,Clear
"Denver, CO",2019-12-22,Partially cloudy
"Pittsburgh, PA",2018-02-09,Partially cloudy
"Fort Lauderdale, FL",2018-03-25,Partially cloudy
"Honolulu, HI",2019-06-07,Partially cloudy
"Washington, DC",2019-11-02,Clear
"Atlanta, GA",2018-05-20,"Rain, Partially cloudy"
"New Orleans, LA",2019-05-09,"Rain, Overcast"
"Charlotte, NC",2019-05-31,Partially cloudy
"San Jose, CA",2018-05-15,Overcast
"San Juan, PR",2018-04-02,Partially cloudy
"Philadelphia, PA",2018-07-21,"Rain, Overcast"
"San Francisco, CA",2019-03-22,"Rain, Partially cloudy"
"Charlotte, NC",2018-09-18,Partially cloudy
"San Francisco, CA",2019-12-14,"Rain, Partially cloudy"
"Syracuse, NY",2018-10-08,Overcast
"Houston, TX",2018-09-10,"Rain, Partially cloudy"
"Boston, MA",2019-09-23,Partially cloudy
"Dallas, TX",2018-07-01,Partially cloudy
"Myrtle Beach, SC",2019-09-04,"Rain, Partially cloudy"
"Hilo, HI",2018-02-27,"Rain, Overcast"
"Oklahoma City, OK",2018-09-15,"Rain, Partially cloudy"
"Miami, FL",2019-11-24,"Rain, Partially cloudy"
"Lihue, HI",2019-12-08,Clear
"Washington, DC",2018-09-19,Partially cloudy
"Charlotte, NC",2018-01-19,Clear
"Atlanta, GA",2019-01-17,"Rain, Partially cloudy"
"Denver, CO",2018-07-22,"Rain, Overcast"
"Philadelphia, PA",2019-08-20,Partially cloudy
"Los Angeles, CA",2019-12-09,Clear
"St. Louis, MO",2018-06-28,"Rain, Partially cloudy"
"Charlotte, NC",2019-12-12,Partially cloudy
"Norfolk, VA",2019-05-07,Clear
"Austin, TX",2018-03-12,Clear
"Kahului, HI",2018-09-08,Partially cloudy
"Los Angeles, CA",2018-08-22,Partially cloudy
"Tampa, FL",2019-11-08,Partially cloudy
"Washington, DC",2018-04-02,"Rain, Overcast"
"Baltimore, MD",2018-02-01,Overcast
"Nashville, TN",2019-06-12,Partially cloudy
"San Juan, PR",2018-08-11,Partially cloudy
"Champaign/Urbana, IL",2018-08-23,Clear
"Colorado Springs, CO",2019-06-20,Partially cloudy
"Seattle, WA",2019-06-21,Partially cloudy
"Dallas/Fort Worth, TX",2019-12-16,Overcast
"Washington, DC",2018-05-28,"Rain, Overcast"
"Lafayette, LA",2019-12-18,Clear
"Atlanta, GA",2019-09-24,Partially cloudy
"Minneapolis, MN",2019-07-01,"Rain, Partially cloudy"
"San Francisco, CA",2019-01-04,Partially cloudy
"Chicago, IL",2018-09-16,Clear
"Chicago, IL",2019-06-10,Partially cloudy
"Anchorage, AK",2018-05-17,"Rain, Overcast"
"Austin, TX",2018-07-07,"Rain, Partially cloudy"
"Dallas/Fort Worth, TX",2019-09-05,Clear
"Chicago, IL",2019-05-17,"Rain, Overcast"
"Milwaukee, WI",2018-01-19,Partially cloudy
"Newark, NJ",2018-02-24,"Rain, Overcast"
"Greensboro/High Point, NC",2018-09-19,Clear
"Las Vegas, NV",2018-12-22,Clear
"Minneapolis, MN",2019-06-25,"Rain, Partially cloudy"
"Sacramento, CA",2018-05-18,Clear
"Atlanta, GA",2018-09-10,"Rain, Partially cloudy"
"Fort Lauderdale, FL",2019-09-22,Partially cloudy
"San Francisco, CA",2018-05-28,Clear
"Killeen, TX",2019-09-30,Partially cloudy
"Washington, DC",2018-04-21,Partially cloudy
"Nashville, TN",2018-08-20,"Rain, Overcast"
"Phoenix, AZ",2018-05-09,Partially cloudy
"Pittsburgh, PA",2019-08-02,"Rain, Partially cloudy"
"Denver, CO",2018-03-25,Partially cloudy
"Phoenix, AZ",2018-04-30,Partially cloudy
"Cleveland, OH",2019-05-30,"Rain, Partially cloudy"
"Kansas City, MO",2018-07-12,Clear
"Boston, MA",2019-12-26,Partially cloudy
"Atlanta, GA",2019-04-22,Clear
"Marquette, MI",2019-10-01,Rain
"Eugene, OR",2018-12-31,Partially cloudy
"Denver, CO",2018-12-15,Partially cloudy
"Los Angeles, CA",2018-01-12,Clear
"Wenatchee, WA",2018-09-30,Partially cloudy
"Valparaiso, FL",2018-10-23,"Rain, Overcast"
"Oklahoma City, OK",2018-12-07,"Rain, Overcast"
"Seattle, WA",2019-01-31,Partially cloudy
"Phoenix, AZ",2019-08-15,Clear
"Atlanta, GA",2018-05-28,"Rain, Overcast"
"Washington, DC",2019-01-05,"Rain, Partially cloudy"
"Denver, CO",2018-01-13,Partially cloudy
"Atlanta, GA",2018-06-28,"Rain, Partially cloudy"
"Raleigh/Durham, NC",2018-03-20,"Rain, Overcast"
"Aspen, CO",2018-06-13,Clear
"San Juan, PR",2019-10-14,"Rain, Partially cloudy"
"San Francisco, CA",2019-08-12,Clear
"Austin, TX",2018-04-27,Partially cloudy
"Washington, DC",2019-09-18,Partially cloudy
"Kansas City, MO",2018-08-23,"Rain, Partially cloudy"
"Portland, OR",2018-06-18,"Rain, Partially cloudy"
"Dallas/Fort Worth, TX",2019-07-21,Partially cloudy
"Atlanta, GA",2019-09-03,Clear
"Houston, TX",2018-06-21,"Rain, Overcast"
"Memphis, TN",2019-01-16,Partially cloudy
"Portland, OR",2019-08-05,Clear
"New Orleans, LA",2018-04-21,Partially cloudy
"Miami, FL",2018-06-28,"Rain, Partially cloudy"
"Los Angeles, CA",2019-06-09,Partially cloudy
"Denver, CO",2019-08-07,"Rain, Partially cloudy"
"Detroit, MI",2018-08-30,Partially cloudy
"Denver, CO",2018-07-11,Partially cloudy
"New York, NY",2019-06-30,Rain
"San Francisco, CA",2019-01-05,"Rain, Partially cloudy"
"Santa Rosa, CA",2019-10-17,"Rain, Partially cloudy"
"Denver, CO",2019-04-13,"Snow, Partially cloudy"
"Denver, CO",2019-08-05,Partially cloudy
"Salt Lake City, UT",2018-11-05,Partially cloudy
"Boise, ID",2019-07-13,Clear
"Tampa, FL",2018-04-01,Partially cloudy
"Lincoln, NE",2018-09-27,Clear
"Chicago, IL",2018-09-22,Partially cloudy
"Salt Lake City, UT",2018-10-19,Clear
"Denver, CO",2019-01-11,"Snow, Overcast"
"San Jose, CA",2019-06-24,Partially cloudy
"Detroit, MI",2019-11-07,"Snow, Partially cloudy"
"Houston, TX",2018-09-18,Partially cloudy
"Seattle, WA",2018-04-14,"Rain, Overcast"
"Dallas, TX",2018-03-31,Partially cloudy
"Grand Rapids, MI",2018-10-18,Clear
"Columbus, OH",2018-05-18,"Rain, Overcast"
"Detroit, MI",2019-07-25,Partially cloudy
"Charlotte, NC",2018-08-01,"Rain, Overcast"
"Washington, DC",2019-08-28,"Rain, Partially cloudy"
"Houston, TX",2018-01-19,"Rain, Overcast"
"Savannah, GA",2019-04-24,Partially cloudy
"Syracuse, NY",2018-04-16,"Rain, Overcast"
"San Francisco, CA",2019-12-07,"Rain, Partially cloudy"
"Bismarck/Mandan, ND",2019-06-15,"Rain, Partially cloudy"
"Boston, MA",2019-01-06,Partially cloudy
"Dallas/Fort Worth, TX",2019-06-18,Partially cloudy
"Atlanta, GA",2019-01-05,Partially cloudy
"San Antonio, TX",2018-07-10,Partially cloudy
"Spokane, WA",2019-12-22,"Rain, Partially cloudy"
"Pittsburgh, PA",2018-05-16,"Rain, Partially cloudy"
"Richmond, VA",2018-11-02,"Rain, Overcast"
"Burlington, VT",2019-04-02,Partially cloudy
"Dallas, TX",2019-12-09,Partially cloudy
"Charlotte, NC",2018-05-22,"Rain, Partially cloudy"
"Seattle, WA",2019-12-20,"Rain, Overcast"
"Denver, CO",2019-04-21,"Rain, Partially cloudy"
"Salt Lake City, UT",2018-07-23,Partially cloudy
"Dallas/Fort Worth, TX",2018-10-25,"Rain, Overcast"
"Raleigh/Durham, NC",2018-04-02,Partially cloudy
"Austin, TX",2019-10-31,Clear
"Chicago, IL",2018-01-15,"Snow, Overcast"
"New York, NY",2018-02-10,"Rain, Partially cloudy"
"Pittsburgh, PA",2019-08-12,Clear
"Palm Springs, CA",2018-09-12,Clear
"Atlanta, GA",2019-12-23,"Rain, Overcast"
"Washington, DC",2018-07-08,Clear
"Atlanta, GA",2019-10-14,Partially cloudy
"Milwaukee, WI",2018-08-01,"Rain, Partially cloudy"
"Omaha, NE",2019-10-15,Partially cloudy
"Columbus, OH",2019-07-17,"Rain, Partially cloudy"
"Seattle, WA",2018-07-22,Clear
"Newark, NJ",2018-01-22,"Rain, Overcast"
"Atlanta, GA",2019-05-28,Clear
"Panama City, FL",2018-07-08,"Rain, Partially cloudy"
"Kansas City, MO",2019-04-14,Clear
"Omaha, NE",2018-12-04,"Snow, Overcast"
"Phoenix, AZ",2018-10-05,Clear
"Charlotte, NC",2019-02-19,"Rain, Overcast"
"Kahului, HI",2019-09-23,"Rain, Partially cloudy"
"Santa Ana, CA",2019-05-20,Partially cloudy
"Charlotte, NC",2019-06-17,"Rain, Partially cloudy"
"Minneapolis, MN",2018-12-10,Partially cloudy
"New York, NY",2018-01-10,Rain
"Detroit, MI",2018-12-14,"Rain, Overcast"
"Chicago, IL",2019-06-19,"Rain, Partially cloudy"
"Honolulu, HI",2018-04-30,Partially cloudy
"Chicago, IL",2018-05-02,"Rain, Overcast"
"Orlando, FL",2018-09-01,Partially cloudy
"Punta Gorda, FL",2019-04-03,Partially cloudy
"Tampa, FL",2019-02-05,Partially cloudy
"Tampa, FL",2019-05-14,"Rain, Partially cloudy"
"Baltimore, MD",2018-07-01,Partially cloudy
"Las Vegas, NV",2019-09-26,Partially cloudy
"Chicago, IL",2018-10-08,"Rain, Partially cloudy"
"Chicago, IL",2019-06-11,Partially cloudy
"Tucson, AZ",2019-01-17,Clear
"Longview, TX",2019-08-16,Clear
"Charlotte, NC",2019-04-07,"Rain, Partially cloudy"
"Seattle, WA",2019-02-15,"Rain, Partially cloudy"
"Duluth, MN",2019-05-14,"Rain, Partially cloudy"
"Detroit, MI",2018-06-27,"Rain, Partially cloudy"
"Tampa, FL",2018-06-23,Partially cloudy
"Dallas/Fort Worth, TX",2019-07-07,Partially cloudy
"Champaign/Urbana, IL",2019-01-11,"Snow, Partially cloudy"
"Washington, DC",2018-05-13,"Rain, Overcast"
"Minneapolis, MN",2019-04-04,Partially cloudy
"Detroit, MI",2019-04-24,Clear
"Miami, FL",2018-06-04,Partially cloudy
"Springfield, IL",2018-09-10,Clear
"Chicago, IL",2018-03-11,Partially cloudy
"Midland/Odessa, TX",2018-07-05,Clear
"San Antonio, TX",2018-09-02,Partially cloudy
"Dallas/Fort Worth, TX",2019-08-15,Partially cloudy
"San Diego, CA",2019-02-22,Partially cloudy
"Philadelphia, PA",2019-08-08,Partially cloudy
"Kona, HI",2018-02-22,"Rain, Partially cloudy"
"Seattle, WA",2018-12-15,"Rain, Overcast"
"Portland, ME",2019-03-26,Clear
"Houston, TX",2019-10-07,Partially cloudy
"San Francisco, CA",2019-06-30,Partially cloudy
"Baltimore, MD",2019-03-02,"Rain, Overcast"
"Brownsville, TX",2019-11-02,Partially cloudy
"Honolulu, HI",2019-01-27,Partially cloudy
"Portland, ME",2018-01-21,Partially cloudy
"Chicago, IL",2019-05-23,"Rain, Partially cloudy"
"Denver, CO",2018-06-21,Partially cloudy
"Cedar Rapids/Iowa City, IA",2018-12-12,Partially cloudy
"Chicago, IL",2019-03-20,"Rain, Overcast"
"Providence, RI",2019-02-25,"Rain, Partially cloudy"
"Raleigh/Durham, NC",2019-12-07,Clear
"Dallas/Fort Worth, TX",2018-02-12,Partially cloudy
"Detroit, MI",2019-06-18,Partially cloudy
"Tampa, FL",2018-08-03,"Rain, Partially cloudy"
"Philadelphia, PA",2018-09-14,Overcast
"Dallas, TX",2018-10-02,Partially cloudy
"Charlotte, NC",2018-12-30,"Rain, Overcast"
"Chicago, IL",2018-09-26,Partially cloudy
"New York, NY",2018-05-04,Partially cloudy
"Midland/Odessa, TX",2019-08-28,"Rain, Partially cloudy"
"Newark, NJ",2019-10-24,Clear
"Charlotte, NC",2019-03-03,"Rain, Overcast"
"Charlotte, NC",2019-06-06,Partially cloudy
"Charlotte, NC",2018-04-01,Partially cloudy
"Fort Myers, FL",2019-08-20,Rain
"Chicago, IL",2019-07-23,Partially cloudy
"Chicago, IL",2019-04-25,Partially cloudy
"Honolulu, HI",2019-08-31,"Rain, Partially cloudy"
"Durango, CO",2018-11-13,Clear
"Houston, TX",2019-10-01,Clear
"West Yellowstone, MT",2018-07-31,Clear
"Jacksonville, FL",2019-10-23,Partially cloudy
"Atlanta, GA",2019-03-31,"Rain, Partially cloudy"
"Burbank, CA",2019-11-07,Partially cloudy
"New York, NY",2019-10-21,Rain
"San Francisco, CA",2019-06-05,Partially cloudy
"Austin, TX",2018-07-24,Clear
"Phoenix, AZ",2018-05-17,Clear
"Houston, TX",2019-06-01,Clear
"San Juan, PR",2018-04-17,"Rain, Partially cloudy"
"Detroit, MI",2018-02-16,"Snow, Partially cloudy"
"Atlanta, GA",2019-08-13,Clear
"Rochester, NY",2019-11-09,Overcast
"Harrisburg, PA",2019-03-19,Clear
"Eugene, OR",2018-02-08,Partially cloudy
"Orlando, FL",2019-03-18,Overcast
"Williston, ND",2019-01-09,Partially cloudy
"Aspen, CO",2018-07-20,"Rain, Partially cloudy"
"Milwaukee, WI",2019-06-06,Partially cloudy
"Minneapolis, MN",2019-07-17,Partially cloudy
"Spokane, WA",2019-04-21,Clear
"Minneapolis, MN",2019-12-11,Partially cloudy
"Atlanta, GA",2019-02-26,Partially cloudy
"Phoenix, AZ",2018-10-26,Clear
"Atlanta, GA",2019-07-01,Clear
"Denver, CO",2018-07-26,"Rain, Overcast"
"Seattle, WA",2018-02-26,Partially cloudy
"Boston, MA",2018-11-28,Partially cloudy
"Los Angeles, CA",2019-12-19,Clear
"Columbia, SC",2018-12-31,"Rain, Overcast"
"Kansas City, MO",2019-04-21,Clear
"Boston, MA",2018-07-25,"Rain, Overcast"
"Los Angeles, CA",2018-06-10,Clear
"Houston, TX",2018-08-07,"Rain, Partially cloudy"
"Houston, TX",2019-06-17,"Rain, Partially cloudy"
"Portland, OR",2018-08-28,Clear
"Phoenix, AZ",2019-03-24,Partially cloudy
"Detroit, MI",2018-04-30,Clear
"Baltimore, MD",2018-03-31,Clear
"Washington, DC",2019-09-20,Partially cloudy
"Washington, DC",2019-03-14,Partially cloudy
"Philadelphia, PA",2018-10-26,"Rain, Partially cloudy"
"Charlotte, NC",2018-06-26,"Rain, Overcast"
"Chicago, IL",2018-10-16,Clear
"Atlanta, GA",2019-06-01,Clear
"New York, NY",2018-04-04,Rain
"Kahului, HI",2019-06-07,Partially cloudy
"Detroit, MI",2018-05-01,Clear
"Atlanta, GA",2019-01-24,"Rain, Partially cloudy"
"Dallas/Fort Worth, TX",2019-04-08,"Rain, Partially cloudy"
"Burbank, CA",2018-08-08,Clear
"Minneapolis, MN",2018-11-26,Partially cloudy
"Charlotte, NC",2018-10-06,Partially cloudy
"Fort Lauderdale, FL",2019-01-08,Clear
"Phoenix, AZ",2018-06-24,Clear
"Fayetteville, AR",2018-12-30,Partially cloudy
"Atlanta, GA",2019-11-08,"Rain, Partially cloudy"
"Dallas/Fort Worth, TX",2018-03-06,Clear
"Charlotte, NC",2019-07-09,Partially cloudy
"Seattle, WA",2019-11-30,Clear
"Jacksonville/Camp Lejeune, NC",2018-05-22,"Rain, Partially cloudy"
"Minneapolis, MN",2018-02-05,Partially cloudy
"New York, NY",2018-09-06,"Rain, Partially cloudy"
"New York, NY",2019-07-17,"Rain, Partially cloudy"
"Bangor, ME",2019-11-02,Partially cloudy
"Midland/Odessa, TX",2019-10-02,"Rain, Partially cloudy"
"Dallas/Fort Worth, TX",2019-12-17,Clear
"New York, NY",2019-02-17,Rain
"Atlanta, GA",2018-09-05,Partially cloudy
"Nashville, TN",2019-10-21,"Rain, Partially cloudy"
"San Juan, PR",2018-04-01,Partially cloudy
"Detroit, MI",2018-07-19,Clear
"Burlington, VT",2019-05-18,Overcast
"Los Angeles, CA",2018-07-10,Clear
